,accuracy,f1,roc_auc,precision,recall,mean
airline,0.7280473265358692,0.6711856841196651,0.7088969130015847,0.7484162644568086,0.6321552353094309,0.6977402846846716
income,0.8405334365713589,0.6368032733859527,0.7516934747287249,0.7249650471710628,0.5477228467753379,0.7003436157264874
phishing,0.9487334645713095,0.9554833384863338,0.9489521730960429,0.9521962812990029,0.9574047006104264,0.9525539916126231
surgical,0.7867339762355035,0.45854296960403074,0.6469181413165431,0.643420516011017,0.3542454562917032,0.5779722118917595
