,accuracy,f1,roc_auc,precision,recall,mean
airline,0.8028872499998243,0.7807519606665372,0.8002138374305552,0.7181958241492717,0.8195237964112705,0.7843145337314918
income,0.7886794486009764,0.37275103243326513,0.6087550369162285,0.7505869615925965,0.2529098911154376,0.5547364741317009
phishing,0.9268032397605765,0.9353407401337078,0.923781391968858,0.9248443509236711,1.0,0.9421539445573629
surgical,0.785065723047392,0.415326805347956,0.6255251333923217,0.6847728811100904,0.3044949915918024,0.5630371068979125
