,accuracy,f1,roc_auc,precision,recall,mean
airline,0.9444105689727367,0.9351717599579208,0.9418569512918322,0.9462751439304083,0.924700476291916,0.9384829800889628
income,0.8496944857498938,0.6639623226491044,0.7660771015705067,0.9957023574507995,0.6098113609741149,0.777049525678884
phishing,0.9607159141259991,0.9648738286491797,0.9572876272848395,0.9593872873812419,0.9940711016784489,0.9672671518239419
surgical,0.8951121702257534,0.7662160215346929,0.8149378833291776,0.9281031497883347,0.6805135344627535,0.8169765518681424
